"*Trump kündigt Unterstützung an, um ""Knebelklauseln"" bei Medikamentenpreisen abzuschaffen"
*USA werden Smartwatches bei nächster Zollrunde für China nicht einbeziehen
*Zwei Branchenkenner kommentieren die US-Zolltarife für chinesische Güter
*Fitnesstracker und Smartwatches werden nicht auf Zolltarifliste über 200 Mrd. USD stehen
*USA werden wohl Armbanduhren von Apple von Zolltarifen für China befreien
*Aurora nahm Gespräche mit drei verschiedenen Getränkeunternehmen auf
*Kein Kommentar von Aurora zu Gerüchten über Coca-Cola
*Jefferies sieht höheres Risiko bei Aktionärsabstimmung als sonst - Jefferies
*Abstimmung von staatlichen Aktionären könnte angefochten werden - Jefferies
*Viacom vereinbart einen Deal zur Produktion von Nickelodeon-Serien für Netflix - FT
*Akcea Therapeutics beantragt kombinierte Rahmenregistrierung
*General Finance beantragt kombinierte Rahmenregistrierung über 250 Mio. USD
*API wird wohl berichten, dass US-Rohölbestände letzte Woche um 1,25 Mio. Barrel gestiegen sind
*ITT beantragt kombinierte Rahmenregistrierung
*Oil Services von Morgan Stanley auf attraktiv hochgestuft
*Demokratischer Vertreter der US-Börsenaufsicht fordert mehr Marktüberwachung - WSJ
*Kursziel für Viking Therapeutics von Roth von 13 USD auf 24 USD erhöht
*Kursziel für Radcom von Needham von 27 USD auf 20 USD gesenkt
*Kursziel für Viking Therapeutics auf 43 USD erhöht, höchste Analystenprognose - Raymond James
*AbbVie sinkt nach Klage der kalifornischen Regulierungsbehörde wegen mutmaßlicher Schmiergelder
*US-Börsenaufsicht klagt Clovis-Manager wegen Täuschung der Anleger an
*Tesla sagt, es hätte eine freiwillige Anfrage vom US-Justizministerium erhalten - Sprecher
*Trump warnt vor weiteren Zöllen, falls China Vergeltung gegen AG und Industrie üben sollte
*Nestlé und Coca-Cola sind wohl unter den Bietern für Glaxos Indien-Geschäft - Reuters
*Qualcomm befindet sich wohl in Gesprächen zur Berufung neuer Vorstandsmitglieder - Reuters
*Tesla fällt auf Sitzungstief, mehr als 4% im Minus
*Tesla wird sich wohl in den USA einem Strafermittlungsverfahren wegen Aussagen von Musk stellen müssen
"*M&amp;A-Wert von Avon bei 7,75 USD je Aktie, basierend auf 2012er Gebot von Coty - D.A. Davidson"
*Avon und Cerberus werden wohl auf derzeitigem Niveau nicht verkaufen - D.A. Davidson
*Aurora Cannabis steigt 2,3% nach Handelsstopp und bestätigt Gespräche mit Getränkeunternehmen
*Bonobos von Walmart ernennt Micky Onvural zum CEO
*Vorgelegtes Angebot von Dell für DVMT ist außerordentlich fair - Meeting
*Gerichtsentscheid über Pandora hält Status quo aufrecht - Susquehanna
*Caesars und HG Vora erhalten vorzeitige Kündigung nach dem HSR Act (Zuvor)
*Aurora Cannabis bestätigt Teilnahme an Sondierungsgesprächen
*Pandora steigt, Berufungsgericht bestätigt CRB-Entscheidung
*Elliott soll wohl weiterhin Interesse an Athenahealth haben - CNBC
*Athenahealth erhält wohl einen späten strategischen Bieter - Faber von CNBC
"*Athenahealth scheint kein ""gescheiterter Prozess"" zu sein - CNBC"
*Erwartungen für Cal-Maine von Cleveland Research aufgrund von Expansionsrisiken gesenkt
*Google testet wohl Anlagen für private Rechenzentren - Informationskreise
"*Laut Kudlow soll Cook von Apple die Steuerreform ""wirklich geliebt"" haben"
*Whirlpool baut Gewinne ab, da AHAM-Daten den Rückgang von Haushaltsgerätelieferungen zeigen
"*Kudlow beobachtet die Auswirkungen von Zöllen auf die Preise ""sehr sorgfältig"""
"*Kudlow erwartet ""weitere Fortschritte"" im Handel mit Kanada, EU und Japan"
*Angebot von Twenty-First Century bis 6. Oktober 2018 verlängert
"*Kudlow sagt, ""das Beschäftigungsproblem ist gelöst"""
*Qualcomm fällt um 1,9%, während Apple Unterstützung durch Verkaufsmitarbeiter verkündet
*Apple sagt, es habe in der Auseinandersetzung mit Qualcomm die Unterstützung der Verkaufsmitarbeiter
*Richard Gnodde von Goldman Sachs erhält weitere Funktionen - FT
*Kavanaugh soll wohl Anwalt Beth Wilkinson engagieren - CNN
*Indien soll wohl Aufschub der Vergeltungsmaßnahmen für US-Waren abwägen
*Kursziel für Argenx von Piper Jaffray von 130 USD auf 154 USD erhöht
*Das Weiße Haus bestätigt Treffen von Trump und Xi aus China bei G-20
*Insolvenzantrag von American Tire lässt auf großen Zuwachs in 3Q bei Cooper schließen - Wolfe
*Helios and Matheson verdoppeln sich fast auf 3 Cents bei Ausgliederungsplan
*Helios and Matheson berichten über vorläufigen Plan zur Ausgliederung von MoviePass
*Urteil von Richter über Verfassungswidrigkeit von BLRA sehr unwahrscheinlich - Height
"*CFO von Verizon: ""Zu früh"", um zu sagen, wieviele Manager an Übernahme teilnehmen"
*Verizon-CFO Matt Ellis spricht in Telefonkonferenz über Gewinne
*Verizon-CFO: Unser 5G-Rollout ist ein Lernprozess im Vorfeld von 2019
*Terex und Manitowoc haben einen negativen Read-Across von Cat - Goldman
*United Technologies sieht noch immer auf baldige Zustimmung von China - Telefonkonferenz
*Langzeitprognose von Snap gesenkt, Kursziel von Cowen drastisch gekürzt auf 6 USD
*McDonald's 3Q EPS bei 2,10 USD, Erwartungen bei 1,99 USD, US-Umsatz auf vergleichbarer Verkaufsfläche verfehlt die Erwartungen
"*Tesla wird wahrscheinlich am Mittwoch ""deutliches Übertreffen des FCF “ berichten - New Street"
"*Facebook Stories wird laut Blueshift ""einen langsamen Start hinlegen"""
*Deere, CNH Industrial und Cummins fallen stark nach Ergebnissen von Caterpillar
*Caterpillar 3Q ber. EPS bei 2,86 USD, Erwartungen bei 2,85 USD, bestätigt ber. Jahresausblick
*3M fällt um 5,6% nach Senkung der bereinigten Geschäftsjahr-EPS-Prognose
*Verizon 3Q ber. EPS bei 1,22 USD, Erwartungen bei 1,19 USD
*US-Justizministerium ersucht Dokumente von Glencore über zwischengeschaltete Unternehmen - Reuters
*United Technologies 3Q ber. EPS bei 1,93 USD, Erwartungen bei 1,82 USD, hebt den Ausblick an
*Aqua America kauft Peoples für 4,275 Mrd. USD in bar
*Biogen 3Q ber. EPS bei 7,40 USD, Erwartungen bei 6,78 USD
*Erwartungen von UBS für Nvidia Gaming reduziert, Kursziel auf 260 USD gesenkt
*Baird rät zum Kauf von Tesla-Aktien vor den 3Q-Ergebnissen
*Tilray und Canopy Growth mit Outperform bei Cowen bestätigt
*Borgwarner und Delphi von BofAML aufgrund von Übernahmepotential hochgestuft
"*GM kann ""Milliarden an Wert"" freisetzen, um Aktien auf 134 USD zu bringen - Citi"
*Arconic gewinnt bis zu 7 % nach Bericht über Angebot von Apollo
*Arconic erwägt Angebot von Apollo Global über 11 Mrd. USD - Reuters
*Apollos Angebot bewertet Arconic mit 23 USD - 24 USD je Aktie - Reuters
*Arconic erwägt Angebot von Apollo über 11 Mrd. USD - Reuters
*Viking Global kauft GE, MIDD, TMUS, ILMN, HBI und OLN in 2Q - 13F
*Viking Global verkauft WFC, ADS, TDG, WDC, VOYA, XEC in 2Q - 13F
*Viking Global reduziert XRAY, GOOGL, TD@CN, FB, CP@CN in 2Q - 13F
*Viking Global verstärkt UTX, DIS, TMO, PE, AMZN, HIG in 2Q - 13F
*Biosev in Gesprächen über Verkauf von mehr Vermögenswerten in Brasilien - Reuters
*Affimed N.V. beantragt kombinierte Rahmenregistrierung über 150 Mio. USD
*Marriott International von Cowen auf Favoritenliste gesetzt
*Proteostasis wird wohl ab dem 24. Oktober gehandelt werden
*Cadence Design klettert nachbörslich um 7,1%
*Ubers Head of Corporate Development Poetzscher tritt zurück - WSJ
*Tilray gibt weitere vorrangig besicherte Wandelanleihen für 25 Mio. USD aus
*Handelsstopp: TFII@CN (TORONTO) - Stopp in Erwartung von Nachrichten
*Providence Service erwägt Verkauf nach Interesse von PE - Reuters
*Providence Service klettert nach dem Abbau von Verlusten auf Sitzungshoch
*Aratana Therapeutics steigt um 13%, Höchststand seit März
*Scana fällt um 8,6%, nachdem der Handel wieder aufgenommen wurde
*Aratana arbeitet mit Barclays zusammen, um nach Alternativen zu suchen - Dealrep
*Scana: Richter teilt mit, dass keine endgültige Entscheidung getroffen wurde
*Handelsstopp: SCG (NYSE) - In Erwartung von Nachrichten
*Scana 32 USD - 35 USD je Aktie wert, falls BLRA als verfassungswidrig befunden wird - UBS
*Constellation will mehrere in den USA ansässige Weinmarken verkaufen - Reuters
*Laut Rich Ross von Evercore ISI macht Tencent als Long Sinn
*Scana fällt nach Berichten, dass Richter wahrscheinlich Base Load Review Act kippen wird
*Verra Mobility zeichnet 146,4 Mio. Aktien für Aktionäre
*iRobot-Aktie baut Tagesgewinne nachbörslich ab, fällt um 12%
*Texas Instruments auf dem Weg in weichere Marktphase
*API soll wohl berichten, dass US-Rohölbestände letzte Woche um 9,88 Mio. Barrel gestiegen sind
*Park National Corp beantragt kombinierte Rahmenregistrierung
*iRobot steigt nachbörslich schnell auf 7,1% nach Anhebung der Prognose
*Texas Instruments fällt 4%, nachdem die 4Q-Umsatzzahlen hinter den Erwartungen liegen
*Texas Instruments sieht 4Q-Umsatz bei 3,60 Mrd. USD, Erwartungen bei 4 Mrd. USD
*Apple will TV-Abo-Service starten - Informationskreise
*Cloudflare bereitet sich auf den Börsengang vor - Reuters
*Richter lehnt Antrag von Teva auf Abweisung im Patentstreit mit Corcept ab
*Corcept Therapeutics steigt schnell auf Sitzungshoch
*Wells Fargo steigert Aktienrückkauf um weitere 350 Mio. Aktien
*Tilray dreht ins Plus nach einem Kursrutsch von bis zu 18%
*Anhörung vor dem Delaware Supreme Court im Berufungsverfahren Akorn/Fresenius für den 5. Dezember angesetzt
*Anhörung vor dem Delaware Supreme Court im Berufungsverfahren Akorn/Fresenius für Dezember angesetzt
*Facebook will neue vereinfachte Messenger-Version veröffentlichen
*GNC baut Gewinne ab, fällt nach 6%-Anstieg schnell ins Minus
*Korrektur: UTX erwartet Abschluss des Rockwell-Collins-Deals in 2-6 Wochen
*Mox sagt, er ist jetzt Long bei Tesla, erwartet Aktienkurs von über 300 USD
"*Cowen empfiehlt Kauf von Horizon Pharma, ""Bedrohung für Krystexxa ist vorbei"""
*Timing von Teslas Gewinnen ist laut Morgan Stanley wahrscheinlich ein positives Zeichen
*Ausverkauf von Yandex ist laut Goldman ausgereizt und schafft Einstiegspunkt
*Barrick zieht es wohl vor, wieder die Kontrolle über Acacia Mining zu übernehmen
"*J&amp;J: J&amp;J meldet Übernahmeangebot für CI:Z Holdings am 23. Oktober 2018"
*Stifel empfiehlt Kauf bei Kursschwäche von Selecta, SEL-212 sieht wettbewerbsfähig aus
"*Kaufempfehlung für Selecta bei Kursschwäche, SEL-212 sieht ""sehr wettbewerbsfähig"" aus"
"*S&amp;P 500 bei 2.710 ist entscheidend für kurzfristige Unterstützung - Evercore"
*Uber Eats expandiert in neue Städte
*Citi will Vergütungen für Prestige-Kreditkarte erhöhen - CNBC
*Homebuilders ETF XHB baut durch Pulte Verluste während Sitzungshoch ab
*EU genehmigt Apogee-HP-Deal
*PulteGroup steigt schnell auf Sitzungshoch mit bis zu 5,4%
*Korrektur: Citron sagt Tesla ist in diesem Quartal Long
*Dow Jones Industrial Average fällt um mehr als 400 Punkte
*Aurora Cannabis sinkt um 12% bei Handelsdebüt an NYSE
*Caterpillar stürzt 7,7% auf niedrigsten Stand seit September 2017
*Russell 2000 Index baut seine Gewinne aus 2018 ab
"*S&amp;P 500 fällt um 1,5% mit niedrigstem Eröffnungskurs seit dem 3. Juli"
*Scana liegt laut Wolfe in Worst-Case-Szenarioanalyse bei 29 USD je Aktie
*Shire/Takeda erwartet von Europäischer Kommission kartellrechtliche Phase-1-Genehmigung - Dealreporter
*South Jersey Industries fällt nach Wiederaufnahme des Handels um 3,7%
*Taiwan teilt wohl Daten aus China-Hacks mit privaten Unternehmen - FT
*Kursziel von PetMed Express von Craig-Hallum auf niedrigste Analystenprognose von 25 USD gesenkt
*Kursschwäche von Axon nach Bodycam-Nachrichten ist Kaufgelegenheit - Needham
*Brightsphere Investment von Citi von US-Fokusliste gestrichen
*Citron sieht Nvidia auf 165 USD steigen, eher wir 120 USD sehen
*Amazon bietet für regionale Sportsender, die Disney veräußern wird - CNBC
*Acadia führt Gespräche mit KKR über umfangreiche Investition - CNBC
*Kursziel von Nuance bei Craig-Hallum von 19 USD auf 22 USD angehoben
"*Entwurf für Brandschutzgesetz für PG&amp;E könnte Anfang 2019 verabschiedet werden, sagt Citi"
*Capital One kauft Wikibuy für unbekannten Betrag - CNBC
*Kursziel von Talend von BTIG auf niedrigste Analystenprognose von 50 USD gesenkt
*Boeing sagt Telefonkonferenz mit Fluggesellschaften ab, um Probleme von 737 Max zu besprechen - CNBC
*Untersuchung im Ghosn-Fall auf Finanzen von Renault-Nissan ausgeweitet - Reuters
*Kursziel von Pure Storage von Summit Insights von 32 USD auf 28 USD gesenkt
"*Kursziel von Apple von Goldman wegen ""wesentlichem Risiko""für Prognose auf 182 USD gesenkt"
*Takeda-Aktionäre sollten laut ISS für den Shire-Deal stimmen
*Equinox bei BofAML auf US1-Liste gesetzt, D.R. Horton und KSU entfernt
*Target-Aktie fällt vorbörslich um 11%, nachdem 3Q-Umsatzzahlen auf vergleichbarer Verkaufsfläche die Erwartungen verfehlen
*Target-Aktie fällt vorbörslich um 8%, nachdem 3Q-Umsatzzahlen auf vergleichbarer Verkaufsfläche die Erwartungen verfehlen
*Target 3Q-Umsatz auf vergleichbarer Verkaufsfläche +5,1%, Erwartungen bei +5,2%, ber. EPS verfehlt Erwartungen
*Kursziel bei Tesla von UBS von 190 USD auf 230 USD angehoben, bleibt Verkaufsempfehlung
*Knight-Swift bei BofAML auf US1-Liste gesetzt, bleibt Kaufempfehlung, Kursziel bei 41 USD
"*Boeing bei Bernstein verteidigt: ""Beste Idee"" im Sektor Luft- und Raumfahrt/Verteidigung"
"*Boeing von Cowen verteidigt: ""Schlagzeilen sind übertrieben"""
*Ausverkauf von GEs BHGE kann zu großen Abschreibungen führen - Gordon Haskett
*CVS Health erwartet Abschluss von Aetna-Deal nach Thanksgiving
*Boston Scientific stimmt Kauf von BTG für 840P je Aktie in bar zu
"*S&amp;P 500 Index Futures bauen Verluste aus, Minus von 0,5%"
"*PG&amp;E steigt um 5%, nachdem Gesetzgeber ein Notstandsgesetz zur Waldbrandbekämpfung plant"
"*Jeff Bezos nennt Wei Gao neuen ""Schatten""-Berater bei Amazon - CNBC"
*Patton Vision und TPG sagen, sie sind zu Verhandlungen mit Reading bereit
*7,5 Mio. Aktien von Vistra Energy sollen wohl für 23,10 USD - 23,30 USD angeboten werden
*L Brands: CEO Jan Singer von Victoria's Secret ist zurückgetreten
*L Brands ernennt John Mehas zum CEO von Victoria's Secret Lingerie
*Intuit-Aktien steigen nachbörslich um mehr als 7% nach Ergebnissen
*CEO von Alibabas Hema Supermarket entschuldigt sich für Etikettierungsproblem
*Aquestive Therapeutics fällt um 6% nach Berichten über Patent-Urteil
*Apple erwirbt KI-Anlagen-Startup Silk Labs - The Information
*Oshkosh beantragt kombinierte Rahmenregistrierung
*Dexcom beantragt kombinierte Rahmenregistrierung
*AmerisourceBergen beantragt kombinierte Rahmenregistrierung
*API wird wohl berichten, dass US-Rohölbestände letzte Woche um 1,55 Mio. Barrel gefallen sind
*Genmark Diagnostics beantragt kombinierte Rahmenregistrierung über 150 Mio. USD
"*Infrareit: Vorschlag führt ""ziemlich wahrscheinlich"" zu besserem Angebot"
*Autodesk steigt um 9%, nachdem 4Q-Umsatz und ber. EPS-Prognose Erwartungen übertreffen
*Walgreens und Humana in frühen Gesprächen über gegenseitige Beteiligungen - DJ
*Ocwen-Aktien fallen um bis zu 12% auf niedrigsten Stand seit April 2017
*FTC erprobt neue Abhilfemaßnahme im Tronox-Cristal-Fall - Capital Forum
*Scana steigt, da Dominion einen alternativen Plan für den Deal vorschlägt
*Navient fällt schnell auf Sitzungstief nach AP-Bericht über Untersuchungen
*Untersuchungen weisen auf irreführende Praktiken von Navient hin - AP
*NASA will Boeing und SpaceX für Astronautenflüge überprüfen - WaPo
*US Ecology fällt auf Sitzungstiefs nach Veränderungen in der Guidance
*GSE Systems bei Sidoti mit Kursziel von 5 USD wiederaufgenommen
*FDA warnt vor starker Verschlechterung von MS nach Einstellung von Gilenya
*Associated Bank berichtet über Führungswechsel
*Louis Dreyfus will Robusta-Kaffeevorräte wiederaufnehmen - Reuters
*Facebook, Amazon, Netflix und Alphabet drehen ins Plus
*Tiziana Life Sciences plc eröffnet mit 10,50 USD, Börsengang bei 9,90 USD
*Oberstes Gericht ordnet erneute Überprüfung von Weyerhaeuser-Verfahren über Froschlebensräume an
*Tractor Supply von M Science als positiv bewertet
*Daten von Shopify deuten laut Baird darauf hin, dass 4Q-Zahlen über den Erwartungen liegen
*VW und Daimler fallen, Trump könnte Autozölle nach G20 einführen - WiWo
*Coherent von Vertical Group neu mit Kaufen eingestuft, Fair Value bei 185,50 USD
*Condé-Nast-CEO Bob Sauerberg wird zurücktreten - WSJ
*Aktienpaket von 475.000 von Care.com wird wohl zu 17,85 USD je Aktie gepreist werden
*Clarida sagt, die Abwärtsrisiken geringer als vor drei Jahren
"*Clarida: Erwartungen der University of Michigan zur Inflation am ""unteren Ende"" der Stabilität"
*Brookfield wohl in Gesprächen zu Investitionen in Meraas mit Sitz in Dubai
*IDTI steigt, Renesas wird im Rahmen des vereinfachten Verfahrens in China überprüft
*Handelsstopp: (ASNS) Stopp in Erwartung von Nachrichten
*OPEC fährt trotz Druck von Trump die Ölförderung zurück - Umfrage
*Marriott bei Goldman Sachs auf Conviction-Liste gesetzt, weiterhin auf Kaufen
"*Kursziel von Micron bei UBS auf 41 USD gesenkt, da der Preisausblick für DRAM ""sich bemerkbar macht"""
*Chinas Geng bezieht sich auf eine Telefonkonferenz zwischen Trump und Xi vom 1. November
*Trump und Xi haben zugestimmt, für beide Seiten vorteilhafte Lösungen zu finden - Geng
*Pinduoduo-App vorübergehend nicht im Apple Store verfügbar - QQ.com
*UTX kündigt Absicht an, sich in drei Unternehmen aufzuteilen
*475.000 Aktien von Care.com werden wohl für 17,85 USD - 17,95 USD angeboten werden
"*Lamb Weston, Maxim Integrated und Diamondback werden in S&amp;P 500 aufgenommen"
*Sabre-Aktien werden wohl für 24,95 USD - 25,17 USD angeboten werden
*Aktien von Canada Goose werden wohl von den Inhabern für 65,15 USD je Aktie angeboten
*Kosmos-Aktien werden wohl von Warburg Pincus für 5,43 - 5,77 USD angeboten werden
*FDA: Loxo Oncology Vitrakvi NDA genehmigt
*Ferroglobe fällt nachbörslich um 22%, nachdem Erwartungen für 3Q EPS verfehlt wurden
"*Notstandsgesetzgebung für PG&amp;E ""sollte nicht kompliziert sein"" - Holden"
*G1 Therapeutics bricht nachbörslich um 7,3% nach Phase-2-Ergebnissen ein
*Halozyme sinkt nachbörslich nach Wiederaufnahme des Handels um 4,4%
*Amarin wird wohl Aktien im Wert von 200 Mio. USD für 17,85 - 18,50 USD je Aktie anbieten
*SJW wird wohl ab dem 29. November gehandelt werden
*Amarin fällt nachbörslich um 4,6%
*Southwest Gas wird ab dem 28. November gehandelt - Bedingungen
*Trump behauptet, dass Verbraucher einen 10%-Zoll auf iPhones verkraften können - WSJ
*Acadia Pharma wird wohl ab dem 28. November gehandelt werden
*Apple fällt nachbörslich um 1,7% nach Berichten über mögliche Zölle auf iPhones
*Trump kündigt mögliche Zölle auf iPhones aus China an - WSJ
*Kopin Corp. beantragt kombinierte Rahmenregistrierung über 100 Mio. USD
*Cubic Aktienangebot wird wohl am 29. November gehandelt werden
"*Trump teilt dem WSJ mit, dass ein Aufschub der China-Zölle ""sehr unwahrscheinlich"" sei"
*Trump erwartet Fortschritte bei Erhöhung für 25%-Zöllen für chinesische Waren - WSJ
*Francesca's fällt nachbörslich um 13%
*Handelsstopp: (HALO) Stopp in Erwartung von Nachrichten
*Handelsstopp: (GTHX) Stopp in Erwartung von Nachrichten
*Handelsstopp: (LOXO) Stopp in Erwartung von Nachrichten
*Akorn erhält FDA-Zulassung für generisches Voltaren-Gel, sagt RBC
*Chinas Wanhua will 1,25 Mrd. USD in Fabrik in Louisiana investieren - Xinhua
"*Trump: UK im Brexit-Deal ""möglicherweise nicht in der Lage, um mit den USA zu handeln"""
"*Trump sagt über GM: ""Sie sollten besser"" ein anderes Auto in dem Werk in Ohio fertigen"
*Hört auf, Autos in China zu produzieren, hat Trump zu GM gesagt - WSJ
*Trump sagt, er war nicht glücklich über General-Motors-Nachrichten
*Brasilianische Entscheidung zum Fox-Disney-Deal noch in diesem Jahr unwahrscheinlich - Mlex
*Trump teilt mit, er sei nicht glücklich mit dem Vorsitzenden der Fed Powell
*Trump erklärt, die Zinspolitik der Fed schade der Wirtschaft, berichtet die Post
*Aktien von Skyline Champion werden wohl für 22,05 USD je Aktie angeboten werden
*China betrachtet das US-Finanzministerium nicht als Handelswaffe - Reuters
*Salesforce baut Gewinne nach starker Umsatzprognose auf 8% aus
*Brightview steigt um 10%, nachdem die Prognosen Mitte 2019 die Erwartungen übertreffen
*Syneos Health beantragt Rahmenregistrierung für Verkauf einer Stammaktienklasse
*Catalyst Pharma fällt nachbörslich um 2,4% nach Wiederaufnahme des Handels
*McCormick erhöht Quartalsdividende von 0,52 USD auf 0,57 USD je Aktie, Erwartungen bei 0,56 USD
*Nutanix-Aktie baut nachbörsliche Gewinne während Telefonkonferenz zu Gewinnen auf 9% aus
*API wird wohl berichten, dass US-Rohölbestände letzte Woche um 3,45 Mio. Barrel gestiegen sind
*Aktien von Global Net Lease für 20,20USD - 20,80 USD je Aktie angeboten - Bedingungen
*Verschwiegenheitserklärung zu Firdapse von Catalyst Pharmaceuticals weiter in Überprüfung
*Western Digital sagt, CFO Mark Long wird zurücktreten
*Amazon beginnt mit dem Verkauf von Software für Datamining von Krankenakten - WSJ
*Handel mit Ternium nach Anklage des Vorsitzenden des Eigentümers Tenaris ausgesetzt
*Deutsche Bank erwägt Umstrukturierung in Leitungsebene - DJ
*Handelsstopp: TX (NYSE) - In Erwartung von Nachrichten
*Handelsstopp: (CPRX) Stopp in Erwartung von Nachrichten
*Amazon kündigt Partnerschaft mit Lockheed Martin an
*Fibra Mty in Sale-and-Leaseback-Deal mit Whirlpool Corp.
*Ehemaliger Takeda-Vorsitzender teilt mit, er sei gegen den Deal mit Shire - Nikkei
*Vici Properties beantragt Angebot von Aktien
*Vici Properties beantragt Angebot von Aktien, die wohl am 15. November gehandelt werden
*Kudlow wird sich wie zuvor geplant mit Barra von GM treffen - Beraterkreise
*Barra wird sich nach dem Stellenabbau am Montag mit Kudlow treffen - Reuters
*Höchste Analystenprognose für Acadia von Jefferies aufgrund von UK-Aussichten von 47 USD auf 42 USD gesenkt
*Microsoft überholt Apple als wertvollstes US-Unternehmen
*Tencent kooperiert mit Line für mobile Zahlungen in Japan - Nikkei
*Wiederaufnahme des Handels: CPB (NYSE)
*Third Point erhält 2 Sitze im Aufsichtsrat bei Campbell Soup, Informationen zu CEO
*Campbell und Third Point erzielen Pakt
*Southwest Air erhöht Preise bei 21.000 inländischen Tarifen, sagt JPMorgan
*General Motors steigt um bis zu 7,6% auf höchsten Stand seit Juli
*Tesla steigt auf Sitzungshoch, Plus von 4%
*GM-Aktien steigen auf Sitzungshoch, bis zu 3% im Plus nach Wiederaufnahme des Handels
*Wiederaufnahme des Handels: GM (NYSE)
*US Dallas Fed Produktionsindex im November bei 17,6 vs 29,4
*US Dallas Fed Index für allgemeine Geschäftsaktivität im November bei 17,6
*Trumps persönlicher Berater Karem soll wohl beabsichtigen, seinen Posten aufzugeben
*Handelsstopp: GM (NYSE) - In Erwartung von Nachrichten
*Coca-Cola baut Gewinne ab und sagt, das Wachstum in 2019 könne langsamer sein als in 2018
*Coca-Colas CEO sagt, das Wachstum in 2019 könne langsamer sein als in 2018
*US-Börsenaufsicht einigt sich mit Hain Celestial bei internen Schadensersatzansprüchen in einem Vergleich
*Mehrere Manager von Fox Ad-Sales werden das Unternehmen nächstes Jahr verlassen - Variety
*AB InBev steigt schnell auf Sitzungshoch
*Aktionäre von Dell Technologies genehmigen Klasse-V-Transaktion
"*US-Erzeugerpreise ohne Lebensmittel &amp; Strom steigen im November um 2,7% zu Vorjahr"
"*US-Erzeugerpreise ohne Lebensmittel &amp; Strom steigen im November um 0,3% zum Vormonat"
"*US-Erzeugerpreisindex ohne Lebensmittel, Strom &amp; Handel steigt im November um 0,3% zum Vormonat"
"*US-Erzeugerpreisindex ohne Lebensmittel, Strom &amp; Handel steigt im November um 2,8% zum Vorjahr"
*US-Erzeugerpreise steigen im November um 2,5% gegenüber Vorjahr
*Ehemaliger kanadischer Diplomat in China verhaftet - Reuters
*Verizon erwartet Abfindungszahlungen von 1,3 Mrd. USD - 1,6 Mrd. USD in 4Q
*Kursziel für Netflix von MoffettNathanson von 210 USD auf 230 USD erhöht
*Hedgeye nennt Welbilt die beste Long-Idee, sieht 75% Aufwärtspotenzial
*Hedgeye nennt Davita die beste Short-Idee, sieht 30% Abwärtspotenzial
*Yelp könnte bei Verkauf 50 USD je Aktie wert sein, sagt Suntrust
*Tocagen-Aktie wird wohl ab dem 13. Dezember gehandelt werden
*Global Medical REIT wird wohl 3,5 Mio. Aktien für 9,00 - 9,10 USD je Aktie anbieten
*Emission von Marinus Pharmaceuticals wird wohl ab dem 13. Dezember gehandelt werden
*Aktien von Neogenomics werden wohl für 12,65 - 13,00 USD je Aktie angeboten
*Aktien von Angi Homeservices werden wohl für 16,25 - 16,50 USD je Aktie angeboten
*Fluidigm bietet Aktien im Wert von 40 Mio. USD für 6,75 USD - 6,90 USD je Aktie an - Bedingungen
*United Rentals steigt nachbörslich um 4,5%, nachdem 2019-Prognose übertroffen wurde
*United Rentals sieht 2019-Umsatz bei 9,15 Mrd. - 9,55 Mrd. USD, Erwartungen bei 8,94 Mrd. USD
*Pivotal Software steigt nachbörslich um bis zu 7,9%
*Gladstone Land wird wohl Aktien für 12,55 USD je Aktie anbieten
*Kanadische Aktien fallen auf niedrigsten Wert seit November 2016, minus von 9,5% seit Jahresbeginn
*Tencent Music setzt IPO-Preis bei 13 USD je ADS fest - DJ
*New Yorks Cuomo wird Pläne für Privatgebrauch von Marihuana veröffentlichen - NY Post
*GE erreicht kurzzeitig 6,66 USD, niedrigster Wert seit März 2009
*Softbank plant wohl Verkauf von Anteilen an Nvidia im nächsten Jahr
*Cisco ist wohl in Gesprächen über den Kauf von Luxtera, einem Hersteller von optischen Chips
*Corcept Therapeutics steigt auf Sitzungshoch, Plus von 17%
*Avianca Holdings fällt nach Wiederaufnahme des Handels auf Sitzungstiefs
*Circuit Breaker: AVH (NYSE) - Handelspause wegen Volatilität
*Avianca beantragt Gläubigerschutz in Brasilien - Estado
*Uber soll wohl Morgan Stanley für Durchführung des Börsengangs auswählen
*Energizer und Spectrum erwarten Dealabschluss im Januar 2019
*Schumer sagt, Trump gab zu, dass er den Shutdown gewollt hatte
*Schumer sagt, sofern Trump weiterhin an Grenzmauer für 5 Mrd. USD festhält, wird es zum Shutdown kommen
"*Trump sagt, ""ich werde für den Shutdown sorgen"" im Falle einer Absage für die Mauer"
*Trump sagt, der Kompromiss beim Agrargesetz sei solide
*USA beschuldigen China wegen Hacking und Wirtschaftsspionage - WaPo
*Alexion könnte den sofortigen Kauf von Ra Pharma in Betracht ziehen, sagt RBC
*Apple-Aktien drehen ins Plus, steigen um 0,3%
*Google wird Abschaltung aller APIs für Google+ beschleunigen
*Kursziel von Marinus Pharma von JMP Securities auf höchste Analystenprognose von 29 USD erhöht
*Tivity bei Piper verteidigt, NTRI-Deal im besten Interesse der Aktionäre
*Vix überschreitet zum ersten Mal seit dem 6. Dezember die 25er Marke
*GBP/USD baut Verluste auf 1% aus, nachdem May die Verschiebung der Abstimmung bestätigt
*Stoxx Europe 600 baut Verluste aus, fällt um 1,3%, nachdem US-Aktien fallen
*May: Regierung verstärkt Vorbereitungen für No-Deal
*May: Ich habe keinerlei Zweifel, dass dieser Deal der richtige ist
*USA sollen Antidumping-Richtlinie für chinesische Bleche aus Aluminiumlegierungen erteilen
*UK: May bestätigt, dass sie die Abstimmung zum Brexit im Parlament zurückziehen wird
*Verizon teilt mit, dass bis zu 10.400 Mitarbeiter in Übernahmeprogramm aufgenommen werden
*Facebook springt auf Sitzungshoch, steigt um 1,6% und führt die FAANGs an
*Handel mit Emission von Inspire Medical wird zum 7. Dezember erwartet - Bedingungen
*Carvana fällt im vorbörslichen Handel um 9%
*Thomson Reuters will bis 2020 Belegschaft um 3.200 reduzieren - Reuters
*Handel mit Aphria nach Stopp wiederaufgenommen, baut vorbörsliche Verluste auf 2% ab
"*Kudlow: Einigung zu Autozöllen seien ""auf dem Weg"", aber ""noch nicht besiegelt"""
*Aphria steht unmissverständlich hinter Latam-Geschäften
*Mnuchin: Trump wird Nafta beenden, falls der Kongress USMCA-Abkommen nicht verabschiedet
*Verspätete Eröffnung: Apha (NYSE) - In Erwartung von Nachrichten
*Handelsstopp: (RVNC) Stopp in Erwartung von Nachrichten
*Kursziel für Tesla bei New Street bleibt bei 530 USD nach Fremont-Besuch
*Airbus und Lockheed kooperieren bei Betankungsaufträgen des US-Militärs - Reuters
*Ross: Ziel ist, die deutsche Automobilproduktion in den USA zu steigern
*Bewertung für Bank OZK von Piper von Übergewichten auf neutral gesenkt, Kursziel bei 31 USD
*Enbridge meldet Verkauf des Geschäftsbereiches Enbridge Gas New Brunswick
*Kursziele der US-Fluggesellschaften von Imperial Capital erhöht
*Discovery bei Goldman verteidigt, bleibt auf Conviction-Liste
*Cannabis-Aktie Aphria fällt weitere 11% nach Kurzbericht am Montag
*Kursziele von Fedex und UPS von Morgan Stanley gesenkt aufgrund von Risiken durch Amazon Air
*Kroger will Lebensmittel in Walgreens-Läden verkaufen - WSJ
*Bewertung der Entsorgungsbranche von Goldman Sachs auf attraktiv erhöht
*Goldman Sachs will Anteile an General Catalyst für 200 Mio. USD kaufen - WSJ
*Cronos Group steigt um 9% nach Bestätigung der Gespräche mit Altria
*RMR Group beantragt kombinierte Rahmenregistrierung über 500 Mio. USD
*Charter-CEO spricht über Suche nach Deals für Kabelgeschäfte - Business Insider
*UDR soll wohl Aktien für 42,20 - 42,60 USD je Aktie anbieten
*Momo Short vorgeschlagen von Anne Stevenson-Yang von J Capital
*Kornit-Aktien werden wohl für jeweils 20,50 - 21,00 USD angeboten
*Cirrus Logic fällt nachbörslich um 5,5%
*Cirrus Logic senkt Prognose für 3Q-Umsatz
*Michaels als Short von Keith Rosenbloom von Cruiser vorgeschlagen
*Keane-Aktien werden wohl für 10,77 - 11,00 USD je Aktie angeboten
*RH-Aktien steigen nachbörslich um 8,4%
*Activision von 'Best Ideas'-Liste von Wedbush genommen
*RH sieht 4Q ber. EPS bei 2,75 USD bis 2,90 USD, Erwartungen bei 2,51 USD
*Weis Markets als Short bestätigt von Ben Axler von Spruce Points
*EIA verschiebt Ölbestandsbericht auf Donnerstag 11 Uhr
*Ideal Bike von Dan David von F.G. Alpha als Short diskutiert
*Disney-Fox-Deal gibt Anlass zur Sorge, teilt das brasilianische Kartellamt mit
*Arcadis Short vorgeschlagen von Earl von Shadowfall auf der Tilson-Konferenz
*Lottogopher ersucht Aufschub, um Zwischenberichte zur Finanzlage einzureichen
*Frankreich und Deutschland wollen Plan für digitale Werbeumsatzsteuer vorschlagen - FT
*Ebix Short vorgeschlagen von Thamsborg von Bodenholm auf der Konferenz
*Take Two von BofAML verteidigt, Ausverkauf ist Kaufgelegenheit
*Solarwinds Corp fällt schnell um bis zu 4%
*Kudlow teilt mit, dass alle Subventionen für Elektroautos in naher Zukunft eingestellt werden
*Tilray steigt nach Berichten der Financial Times über Gespräche mit Altria
*Altria führte auch Gespräche mit Tilray - Financial Times
*Florida droht wohl Ärger bei möglichem McClatchy-Tribune-Deal
*Axon Enterprise als Short-Position von Puri von Anson auf der Konferenz empfohlen
*China wird bestimmte, beim Treffen vereinbarte Punkte so schnell wie möglich umsetzen
"*China teilt mit, dass das Handelstreffen ""sehr erfolgreich"" verlief - MOFCOM"
*BofA teilt Beitritt von Katy Knox und Andy Sieg zum Managementteam mit
*AIG ernennt Mark D. Lyons als Nachfolger von Sid Sankaran zum CFO
*Scon beantragt kombinierte Rahmenregistrierung über 50 Mio. USD
*Cronos Group fällt während des verlängerten Handels um 3,6%
*Redhill Biopharma wird wohl Aktien für 15 Mio. USD anbieten
*API wird wohl berichten, dass US-Rohölbestände letzte Woche um 5,36 Mio. Barrel gestiegen sind
"*S&amp;P 500 fällt um 3,2%, Dow Average stürzt 791 Punkte ab"
*Handelsstopp: (RDHL) Stopp in Erwartung von Nachrichten
*Ardent Health Partners beantragt Börsengang
*Stryker hebt Quartalsdividende von 0,47 USD auf 0,52 USD je Aktie an, Erwartungen bei 0,515 USD
*Korrektur: Kursziel für Trinity Industries auf niedrigste Analystenprognose von 12 USD gesenkt - Vertical
*Mastercard-Vorstand: Erhöhung der Quartalsdividende, Rückkauf von Aktien über 6,5 Mrd. USD
*Trump-Panel verlangt höhere Postversandgebühren für Amazon
*Mnuchin sagt, dass die Märkte herausfinden werden, ob ein Handelsabkommen zustandekommt - Reuters
*QCM bekräftigt seine These als Reaktion auf Aphria-Aussage
*Toll Brothers steigt um 2%, macht früheren Kursrutsch von 10% wieder gut
"*Yearley von Toll: ""habe nicht das Gefühl"", dass Abschwung lange anhalten wird"
*Scana beantragt freiwillige Einstellung seiner Berufung gegen das Tarifgesetz
*Veeva Systems fällt weiter, da Citron das Kursziel auf niedrigste Analystenprognose festsetzt
*Citron setzt Kursziel von Veeva auf 65 USD fest
"*S&amp;P 500 stürzt um 3%, nachdem sich der Ausverkauf beschleunigt"
*Richter am Obersten Gerichtshof gibt Scana erstes OK für Vergleich über 2 Mrd. USD - The State
*Grail könnte basierend auf der Marktlage bereits 2019 Börsengang anstreben
*Grail soll wohl einen Börsengang in den USA gegenüber Hongkong abwägen
*Vale-CEO: Ich bin bestens vorbereitet, um langfristig im Unternehmen zu bleiben
"*Thor Industries fällt, nachdem Northcoast seine Erwartungen senkt; Wettbewerber fallen noch mehr"
"*S&amp;P 500 Index fällt um bis zu 1,7% auf Sitzungstief"
*House Committee verschiebt Befragung von Google-CEO auf den 11. Dezember - Reuters
*RH erwägt mögliche Ausgabe von Wandelanleihen für 300 Mio. USD
*Handelsstopp: RH (NYSE) - In Erwartung von Nachrichten
*Westjet erwartet für jedes Jahr bis 2022 einen positiven freien Cashflow - CFO
*Toll Brothers dreht ins Plus, baut Verluste von 10% nach Gewinnen ab
*GMP überprüft Rating und Kursziel von Aphira nach Short-Empfehlung
"*Richter im Aetna-CVS-Fall ""noch weniger überzeugt"" von Angemessenheit der Maßnahmen als die US-Regierung"
*Kudlow erwartet, dass China Zölle auf Autos aus den USA auf Null senkt
*Bundesrichter wird am 18. Dezember eine Anhörung zur Fusion von CVS und Aetna halten
*CVS aufgefordert, den Abschluss des Aetna-Deals zu verteidigen
*Secureworks fällt schnell um bis zu 6,1% auf Sitzungstief
*Cracker Barrel, Pulte Home und KB Home sind Short-Positionen bei Tilson-Konferenz
*Sieben PE-Firmen werten Gebote für Nielsen aus - thedeal.com
*Cronos steigt um 18% in New York nach Berichten über Gespräche mit Altria
*Canadian Natural auf 'Best Ideas'-Liste von Hedgeye aufgenommen
*Altria in Gesprächen, um Cronos Group zu erwerben - Reuters
*Azul könnte vom Abkommen zwischen Avianca und United Airlines profitieren - Reuters
*Altria steigt nach Zunahme des Handelsvolumen auf Sitzungshoch
*Cronos Group steigt auf Sitzungshoch, löst Handelsstopp aus
*Laut Pentagon berichtet Oracle über seinen Plan, wegen Cloud-Vertrag zu klagen
*Block erwähnt Medifast auf der Tilson-Leerverkäuferkonferenz
*Block erwähnt Acadia Healthcare auf der Tilson-Leerverkäuferkonferenz
*Carson Block empfiehlt Health Insurance Innovations bei Konferenz
*Carson Block von Muddy Waters spricht auf der Whitney Tilson-Leerverkäuferkonferenz
*Brown von Aristides sagt auf der Tilson-Konferenz, Aphria ist auch bei ihm eine Short-Position
*Tilray Short vorgeschlagen von Brown von Aristides auf der Tilson-Konferenz
*Hexagon, Elis und Eurofins Short vorgeschlagen auf der Tilson-Konferenz
*Sprecherin von Aphria nahm per E-Mail Stellung
*Aphria verkündet, es werde eine umfangreiche Antwort an die Aktionäre vorbereitet
"*Aphria nennt Vorwürfe der Leerverkäufer ""falsch und rufschädigend"""
*Aphria verfolgt rechtliche Optionen gegen Quintessential Capital
"*Discovery fällt um 7,8% nach UBS-Präsentation, schwächste Aktie im S&amp;P 500"
*Lion Air überprüft nach Absturz Boeing-Aufträge - Reuters
*US-Umsätze für GM im November steigen wohl um 1,4%, Erwartungen sinken um 3,6%
*WCS-Rohöl steigt nach Angebotskürzungen um 9,25 USD auf 19,75 USD je Barrel unter WTI
*Tandem Diabetes steigt vorbörslich um 7,9% nach Erhöhung des Umsatzausblicks
*Tandem Diabetes Care erhöht die Umsatzprognose 2018
"*FDA-Beauftragter sagt, Verbot des Onlineverkaufs von E-Zigaretten sei ""auf dem Tisch"""
*NII Holdings mindestens 14 USD je Aktie wert, sagt Cowen
*Handelsstopp: MJCO (AMEX) - In Erwartung von Nachrichten
"*Instagram-Nachrichten werden ""erheblichen Druck"" auf Facebook-Aktien ausüben - JPM"
*Kursziel von Amarin von H.C. Wainwright auf höchste Analystenprognose von 20 USD erhöht
*MPLX LP von Analysten-Favoritenliste von Raymond James von genommen
*Marathon Petroleum auf Favoritenliste von Raymond James aufgenommen
*TG Therapeutics stürzt um 30% nach Änderungen in Leukämie-Kombinationsstudie
*Höheres Gebot für Pandora Media unwahrscheinlich, sagt Needham
*Bunge von Citi nach Meeting mit CEO auf Catalyst-Watchlist aufgenommen
*Tilray steigt vorbörslich um 22%, Canopy Growth und Cronos steigen ebenso
*TG wird keine beschleunigte Zulassung für Blutkrebs-Kombinationstherapie anstreben
*Amazon hat bis 2020 ein Sum-of-the-Parts-Potential bis zu 3.000 USD - Jefferies
*Michael Kors will Versace für Gesamtunternehmenswert von rund 2,12 Mrd. USD kaufen
*Handelsstopp: (RETA) Stopp in Erwartung von Nachrichten
*Handelsstopp: (TGTX) Stopp in Erwartung von Nachrichten
*Square Target von Nomura Instinet auf höchste Analystenprognose von 125 USD erhöht
*Verspätete Eröffnung: KORS (NYSE) - In Erwartung von Nachrichten
*Pandora-Aktionäre werden wahrscheinlich gegen Angebot von Sirius stimmen, sagt Wedbush
*Kursziel für Amarin von Citi von 5 USD auf höchste Analystenprognose von 17 USD erhöht
*Kursziel für Amarin von Jefferies von 7 USD auf 15 USD um mehr als das Doppelte erhöht
*Kursziel für Nvidia bei BofAML auf höchste Analystenprognose von 360 USD erhöht
*Deal zwischen Basic Energy und Key Energy in naher Zukunft unwahrscheinlich - Stephens
*Alcoa 3Q-Erwartungen bei Credit Suisse unter Konsens gekürzt
*Nutzerbindung bei Facebook stabilisiert sich, sagt Baird nach einer Umfrage
*Instagram-Mitbegründer werden wohl das Unternehmen verlassen - NYT
